{"v":"5.9.5","fr":30,"ip":0,"op":90,"w":100,"h":220,"nm":"合成 1","ddd":0,"assets":[{"id":"image_0","w":92,"h":71,"u":"images/","p":"img_0.png","e":0}],"layers":[{"ddd":0,"ind":1,"ty":2,"nm":"箭头资源向上.png","cl":"png","refId":"image_0","sr":1,"ks":{"o":{"a":1,"k":[{"i":{"x":[0.833],"y":[0.833]},"o":{"x":[0.167],"y":[0.167]},"t":0,"s":[100],"e":[60]},{"i":{"x":[0.833],"y":[0.833]},"o":{"x":[0.167],"y":[0.167]},"t":20,"s":[60],"e":[0]},{"t":30}],"ix":11},"r":{"a":0,"k":0,"ix":10},"p":{"a":1,"k":[{"i":{"x":0.833,"y":0.833},"o":{"x":0.167,"y":0.167},"t":0,"s":[50,192,0],"e":[50,42,0],"to":[0,-25,0],"ti":[0,25,0]},{"t":30}],"ix":2,"l":2},"a":{"a":0,"k":[46,35.5,0],"ix":1,"l":2},"s":{"a":0,"k":[75,75,100],"ix":6,"l":2}},"ao":0,"ip":0,"op":90,"st":0,"bm":0},{"ddd":0,"ind":2,"ty":2,"nm":"箭头资源向上.png","cl":"png","refId":"image_0","sr":1,"ks":{"o":{"a":1,"k":[{"i":{"x":[0.833],"y":[0.833]},"o":{"x":[0.167],"y":[0.167]},"t":20,"s":[100],"e":[60]},{"i":{"x":[0.833],"y":[0.833]},"o":{"x":[0.167],"y":[0.167]},"t":40,"s":[60],"e":[0]},{"t":50}],"ix":11},"r":{"a":0,"k":0,"ix":10},"p":{"a":1,"k":[{"i":{"x":0.833,"y":0.833},"o":{"x":0.167,"y":0.167},"t":20,"s":[50,192,0],"e":[50,42,0],"to":[0,-25,0],"ti":[0,25,0]},{"t":50}],"ix":2,"l":2},"a":{"a":0,"k":[46,35.5,0],"ix":1,"l":2},"s":{"a":0,"k":[75,75,100],"ix":6,"l":2}},"ao":0,"ip":0,"op":90,"st":0,"bm":0},{"ddd":0,"ind":3,"ty":2,"nm":"箭头资源向上.png","cl":"png","refId":"image_0","sr":1,"ks":{"o":{"a":1,"k":[{"i":{"x":[0.833],"y":[0.833]},"o":{"x":[0.167],"y":[0.167]},"t":40,"s":[100],"e":[60]},{"i":{"x":[0.833],"y":[0.833]},"o":{"x":[0.167],"y":[0.167]},"t":60,"s":[60],"e":[0]},{"t":70}],"ix":11},"r":{"a":0,"k":0,"ix":10},"p":{"a":1,"k":[{"i":{"x":0.833,"y":0.833},"o":{"x":0.167,"y":0.167},"t":40,"s":[50,192,0],"e":[50,42,0],"to":[0,-25,0],"ti":[0,25,0]},{"t":70}],"ix":2,"l":2},"a":{"a":0,"k":[46,35.5,0],"ix":1,"l":2},"s":{"a":0,"k":[75,75,100],"ix":6,"l":2}},"ao":0,"ip":0,"op":90,"st":0,"bm":0},{"ddd":0,"ind":4,"ty":2,"nm":"箭头资源向上.png","cl":"png","refId":"image_0","sr":1,"ks":{"o":{"a":1,"k":[{"i":{"x":[0.833],"y":[0.833]},"o":{"x":[0.167],"y":[0.167]},"t":60,"s":[100],"e":[60]},{"i":{"x":[0.833],"y":[0.833]},"o":{"x":[0.167],"y":[0.167]},"t":80,"s":[60],"e":[0]},{"t":90}],"ix":11},"r":{"a":0,"k":0,"ix":10},"p":{"a":1,"k":[{"i":{"x":0.833,"y":0.833},"o":{"x":0.167,"y":0.167},"t":60,"s":[50,192,0],"e":[50,42,0],"to":[0,-25,0],"ti":[0,25,0]},{"t":90}],"ix":2,"l":2},"a":{"a":0,"k":[46,35.5,0],"ix":1,"l":2},"s":{"a":0,"k":[75,75,100],"ix":6,"l":2}},"ao":0,"ip":0,"op":90,"st":0,"bm":0}],"markers":[]}